지번주소,Latitude,Longitude
서울특별시 동작구 흑석동 43-34번지,37.5068653,126.9659879
서울특별시 동작구 흑석동 43-35번지,37.5068041,126.9658951
서울특별시 동작구 흑석동 43-35번지,37.5068041,126.9658951
서울특별시 은평구 녹번동 94-5번지,37.6056419,126.9305313
서울특별시 은평구 녹번동 94-5번지,37.6056419,126.9305313
서울특별시 구로구 구로동 551-166번지,37.5015693,126.8859764
서울특별시 구로구 고척동 167-44번지,37.5060931,126.8553779
서울특별시 구로구 고척동 167-44번지,37.5060931,126.8553779
서울특별시 서초구 양재동 300-13번지,37.4736929,127.0463168
서울특별시 서초구 양재동 300-13번지,37.4736929,127.0463168
서울특별시 서초구 양재동 300-13번지,37.4736929,127.0463168
서울특별시 서초구 양재동 322-3번지,37.4706375,127.0408567
서울특별시 서초구 양재동 322-3번지,37.4706375,127.0408567
서울특별시 서초구 양재동 322-3번지,37.4706375,127.0408567
서울특별시 서초구 양재동 322-3번지,37.4706375,127.0408567
서울특별시 강남구 일원동 657-6번지,37.4917497,127.0855096
서울특별시 강남구 일원동 657-6번지,37.4917497,127.0855096
서울특별시 강남구 일원동 664-16번지,37.4917965,127.0843142
서울특별시 강남구 일원동 664-16번지,37.4917965,127.0843142
서울특별시 동작구 흑석동 43-103번지,37.5068566,126.9646585
서울특별시 동작구 흑석동 43-17번지,37.5069087,126.9658258
서울특별시 서초구 양재동 360-12번지,37.4686389,127.0448678
서울특별시 서초구 양재동 384번지,37.4694954,127.0468845
서울특별시 서초구 양재동 384번지,37.4694954,127.0468845
서울특별시 서초구 양재동 384번지,37.4694954,127.0468845
서울특별시 강남구 대치동 901-57번지,37.5036218,127.0556113
서울특별시 강남구 역삼동 645-27번지,37.5012336,127.0336846
서울특별시 강남구 역삼동 659-21번지,37.5054536,127.0354107
서울특별시 강남구 역삼동 659-21번지,37.5054536,127.0354107
서울특별시 강남구 역삼동 659-21번지,37.5054536,127.0354107
서울특별시 강남구 역삼동 659-22번지,37.5055166,127.0355289
서울특별시 강남구 역삼동 659-22번지,37.5055166,127.0355289
서울특별시 강남구 역삼동 693-3번지,37.507597,127.0435372
서울특별시 강남구 역삼동 741-42번지,37.4964378,127.0346731
서울특별시 강남구 역삼동 741-42번지,37.4964378,127.0346731
서울특별시 강남구 역삼동 745-36번지,37.4973578,127.0375186
서울특별시 강남구 역삼동 748-19번지,37.4958351,127.0365616
서울특별시 강남구 역삼동 748-19번지,37.4958351,127.0365616
서울특별시 성동구 용답동 7-7번지,37.5637195,127.0554142
서울특별시 성동구 용답동 72-2번지,37.5661371,127.0529194
서울특별시 성동구 용답동 72-2번지,37.5661371,127.0529194
서울특별시 성동구 용답동 72-2번지,37.5661371,127.0529194
서울특별시 성동구 용답동 72-3번지,37.5662128,127.0528173
서울특별시 용산구 보광동 248-12번지,37.5297154,126.9990378
서울특별시 성동구 용답동 72-3번지,37.5662128,127.0528173
서울특별시 용산구 보광동 248-12번지,37.5297154,126.9990378
서울특별시 용산구 보광동 260-40번지,37.5284282,126.9999902
서울특별시 구로구 개봉동 351-21번지,37.4872839,126.8544693
서울특별시 용산구 보광동 260-40번지,37.5284282,126.9999902
서울특별시 구로구 개봉동 351-21번지,37.4872839,126.8544693
서울특별시 용산구 보광동 260-40번지,37.5284282,126.9999902
서울특별시 용산구 보광동 265-147번지,37.5299417,126.9992241
서울특별시 용산구 보광동 265-284번지,37.5303464,126.9997926
서울특별시 용산구 보광동 265-764번지,37.5296487,127.0004137
서울특별시 용산구 보광동 70-22번지,37.5263267,127.0025716
서울특별시 용산구 보광동 70-22번지,37.5263267,127.0025716
서울특별시 강동구 천호동 382-36번지,37.5427732,127.1289064
서울특별시 용산구 보광동 71-1번지,37.5267115,127.001878
서울특별시 용산구 보광동 75-18번지,37.5267868,127.0019326
서울특별시 용산구 보광동 75-18번지,37.5267868,127.0019326
서울특별시 강동구 천호동 382-36번지,37.5427732,127.1289064
서울특별시 용산구 보광동 75-6번지,37.5268835,127.0020988
서울특별시 강동구 길동 356-11번지,37.5397514,127.1429407
서울특별시 용산구 원효로2가 3-28번지,37.5371776,126.9655086
서울특별시 강동구 길동 356-11번지,37.5397514,127.1429407
서울특별시 서초구 반포동 738-29번지,37.5053574,127.0225751
서울특별시 서초구 방배동 916-5번지,37.4814439,126.993827
서울특별시 서초구 방배동 2877-25번지,37.4648884,126.9898621
서울특별시 서초구 방배동 459-32번지,37.4807069,126.9868037
서울특별시 서초구 방배동 459-32번지,37.4807069,126.9868037
서울특별시 서초구 방배동 463-22번지,37.480833,126.9844562
서울특별시 서초구 방배동 463-22번지,37.480833,126.9844562
서울특별시 서초구 방배동 942-11번지,37.4852144,126.9900525
서울특별시 서초구 방배동 969-10번지,37.4821576,126.988026
서울특별시 서초구 방배동 539-108번지,37.4789694,126.9919087
서울특별시 서초구 방배동 539-108번지,37.4789694,126.9919087
서울특별시 서초구 방배동 541-108번지,37.4774988,126.9923654
서울특별시 서초구 방배동 541-108번지,37.4774988,126.9923654
서울특별시 서초구 방배동 541-148번지,37.4768617,126.9909636
서울특별시 서초구 방배동 541-148번지,37.4768617,126.9909636
서울특별시 서초구 방배동 541-169번지,37.4776107,126.9925858
서울특별시 구로구 개봉동 134-20번지,37.4999423,126.8505992
서울특별시 서초구 방배동 541-169번지,37.4776107,126.9925858
서울특별시 구로구 개봉동 134-20번지,37.4999423,126.8505992
서울특별시 서초구 방배동 541-170번지,37.477553,126.9924724
서울특별시 구로구 개봉동 137-16번지,37.4995537,126.8510081
서울특별시 구로구 개봉동 137-16번지,37.4995537,126.8510081
서울특별시 서초구 방배동 541-170번지,37.477553,126.9924724
서울특별시 구로구 개봉동 137-18번지,37.4995957,126.851139
서울특별시 서초구 방배동 817-10번지,37.4908358,126.9886845
서울특별시 구로구 개봉동 139-125번지,37.5005172,126.8508437
서울특별시 서초구 방배동 817-10번지,37.4908358,126.9886845
서울특별시 구로구 개봉동 139-41번지,37.4995611,126.8505142
서울특별시 구로구 개봉동 139-59번지,37.4992637,126.8513485
서울특별시 구로구 개봉동 139-66번지,37.4995152,126.8503551
서울특별시 서초구 양재동 113-7번지,37.4757513,127.0359226
서울특별시 서초구 양재동 113-7번지,37.4757513,127.0359226
서울특별시 구로구 개봉동 139-66번지,37.4995152,126.8503551
서울특별시 서초구 양재동 16-12번지,37.4798594,127.0394706
서울특별시 구로구 개봉동 139-66번지,37.4995152,126.8503551
서울특별시 구로구 개봉동 139-91번지,37.4991008,126.8522317
서울특별시 서초구 우면동 176-12번지,37.467581,127.0219335
서울특별시 구로구 개봉동 139-91번지,37.4991008,126.8522317
서울특별시 서초구 양재동 243-3번지,37.472182,127.0400751
서울특별시 서대문구 남가좌동 205-1번지,37.5759613,126.920878
서울특별시 구로구 개봉동 18-29번지,37.5043095,126.841837
서울특별시 서초구 양재동 270-12번지,37.4751462,127.0439661
서울특별시 서대문구 북가좌동 312-15번지,37.5805007,126.9096345
서울특별시 구로구 개봉동 39-1번지,37.5017888,126.8429756
서울특별시 서대문구 북가좌동 312-15번지,37.5805007,126.9096345
서울특별시 구로구 개봉동 62-21번지,37.5019362,126.8459277
서울특별시 서대문구 북가좌동 73-10번지,37.5789921,126.9131203
서울특별시 구로구 개봉동 62-21번지,37.5019362,126.8459277
서울특별시 서대문구 북가좌동 75-50번지,37.5776757,126.9143796
서울특별시 구로구 개봉동 62-21번지,37.5019362,126.8459277
서울특별시 서대문구 북가좌동 75-50번지,37.5776757,126.9143796
서울특별시 구로구 개봉동 7-34번지,37.5036701,126.8446887
서울특별시 서대문구 북가좌동 80-171번지,37.5788384,126.9130547
서울특별시 구로구 개봉동 7-34번지,37.5036701,126.8446887
서울특별시 서대문구 연희동 194-40번지,37.564798,126.9298883
서울특별시 구로구 개봉동 7-34번지,37.5036701,126.8446887
서울특별시 서대문구 연희동 194-54번지,37.5649449,126.9307365
서울특별시 구로구 개봉동 7-34번지,37.5036701,126.8446887
서울특별시 서대문구 연희동 194-54번지,37.5649449,126.9307365
서울특별시 서대문구 연희동 345-24번지,37.5627366,126.9296464
서울특별시 서대문구 연희동 345-30번지,37.562539,126.9300597
서울특별시 서대문구 연희동 69-20번지,37.5675963,126.9322805
서울특별시 서대문구 연희동 69-20번지,37.5675963,126.9322805
서울특별시 구로구 고척동 273-50번지,37.5001525,126.8519763
서울특별시 구로구 개봉동 321-3번지,37.4928833,126.852835
서울특별시 구로구 개봉동 321-3번지,37.4928833,126.852835
서울특별시 구로구 개봉동 328-15번지,37.4902004,126.8555182
서울특별시 구로구 개봉동 328-15번지,37.4902004,126.8555182
서울특별시 구로구 개봉동 328-2번지,37.4914356,126.8553935
서울특별시 구로구 개봉동 328-2번지,37.4914356,126.8553935
서울특별시 구로구 개봉동 330-19번지,37.4908047,126.8544146
서울특별시 구로구 개봉동 330-19번지,37.4908047,126.8544146
서울특별시 구로구 개봉동 330-20번지,37.4909399,126.854402
서울특별시 구로구 개봉동 330-20번지,37.4909399,126.854402
서울특별시 구로구 개봉동 330-5번지,37.4909551,126.854627
서울특별시 구로구 개봉동 330-5번지,37.4909551,126.854627
서울특별시 구로구 개봉동 331-7번지,37.4906455,126.8541329
서울특별시 구로구 개봉동 344-30번지,37.488623,126.8543413
서울특별시 구로구 개봉동 348-3번지,37.4876608,126.8557749
서울특별시 구로구 개봉동 348-3번지,37.4876608,126.8557749
서울특별시 마포구 서교동 347-6번지,37.5557622,126.9253356
서울특별시 마포구 서교동 347-7번지,37.5556722,126.9252468
서울특별시 마포구 서교동 375-19번지,37.5539359,126.9182977
서울특별시 마포구 서교동 442-12번지,37.5487909,126.9199604
서울특별시 마포구 서교동 442-12번지,37.5487909,126.9199604
서울특별시 마포구 서교동 442-12번지,37.5487909,126.9199604
서울특별시 마포구 서교동 463-26번지,37.5547458,126.9185762
서울특별시 마포구 서교동 463-26번지,37.5547458,126.9185762
서울특별시 마포구 서교동 468-26번지,37.5559804,126.9144622
서울특별시 마포구 서교동 468-26번지,37.5559804,126.9144622
서울특별시 마포구 서교동 468-26번지,37.5559804,126.9144622
서울특별시 마포구 합정동 431-30번지,37.5522306,126.908778
서울특별시 마포구 합정동 431-30번지,37.5522306,126.908778
서울특별시 마포구 합정동 436-18번지,37.5512688,126.908207
서울특별시 마포구 합정동 436-18번지,37.5512688,126.908207
서울특별시 서초구 서초동 1614-35번지,37.4889962,127.0220815
서울특별시 서초구 서초동 1640-16번지,37.4940156,127.0192554
서울특별시 서초구 서초동 1640-16번지,37.4940156,127.0192554
서울특별시 서초구 서초동 1341-15번지,37.488296,127.0291095
서울특별시 서초구 서초동 1341-15번지,37.488296,127.0291095
서울특별시 서초구 서초동 1341-18번지,37.4881946,127.0287757
서울특별시 서초구 서초동 1341-18번지,37.4881946,127.0287757
서울특별시 서초구 서초동 1342-10번지,37.4877787,127.0274054
서울특별시 서초구 서초동 1342-10번지,37.4877787,127.0274054
서울특별시 서초구 서초동 1342-11번지,37.4877368,127.0272713
서울특별시 서초구 서초동 1342-11번지,37.4877368,127.0272713
서울특별시 서초구 서초동 1342-11번지,37.4877368,127.0272713
서울특별시 서초구 서초동 1342-9번지,37.4878183,127.0275375
서울특별시 서초구 서초동 1342-9번지,37.4878183,127.0275375
서울특별시 서초구 서초동 1359-18번지,37.4860444,127.0308593
서울특별시 서초구 서초동 1359-18번지,37.4860444,127.0308593
서울특별시 서초구 서초동 1470-4번지,37.4809299,127.0088044
서울특별시 마포구 망원동 405-35번지,37.5548107,126.9025753
서울특별시 마포구 연남동 224-22번지,37.5640623,126.926518
서울특별시 마포구 연남동 224-64번지,37.5637435,126.9263561
서울특별시 마포구 연남동 229-5번지,37.5638375,126.9247909
서울특별시 마포구 연남동 229-70번지,37.5633383,126.9238459
서울특별시 마포구 연남동 252-8번지,37.5635495,126.922128
서울특별시 마포구 연남동 252-8번지,37.5635495,126.922128
서울특별시 마포구 연남동 254-15번지,37.5633549,126.9233594
서울특별시 용산구 원효로3가 26-3번지,37.5347546,126.9582474
서울특별시 용산구 이태원동 72-19번지,37.5337381,126.9930929
서울특별시 용산구 이태원동 212-26번지,37.5393478,126.9914492
서울특별시 용산구 이태원동 212-64번지,37.538247,126.9917485
서울특별시 용산구 이태원동 212-64번지,37.538247,126.9917485
서울특별시 용산구 이태원동 348번지,37.5370211,126.9879487
서울특별시 용산구 이태원동 348번지,37.5370211,126.9879487
서울특별시 용산구 이태원동 431-2번지,37.5358982,126.9875847
서울특별시 용산구 보광동 10-20번지,37.5274444,127.0009389
서울특별시 용산구 보광동 10-20번지,37.5274444,127.0009389
서울특별시 용산구 보광동 231-53번지,37.5280027,126.9987899
서울특별시 용산구 보광동 231-53번지,37.5280027,126.9987899
서울특별시 용산구 보광동 231-73번지,37.5276806,126.9987681
서울특별시 용산구 보광동 231-74번지,37.5276617,126.9988879
서울특별시 용산구 보광동 231-74번지,37.5276617,126.9988879
서울특별시 용산구 보광동 238-28번지,37.5302679,126.99767
서울특별시 용산구 보광동 238-28번지,37.5302679,126.99767
서울특별시 강북구 미아동 121-34번지,37.6259767,127.0273571
서울특별시 강북구 미아동 121-34번지,37.6259767,127.0273571
서울특별시 강북구 미아동 121-35번지,37.6258972,127.0273885
서울특별시 강북구 미아동 121-36번지,37.6258172,127.0274197
서울특별시 중구 신당동 432-1102번지,37.5552091,127.0076894
서울특별시 중구 신당동 432-1820번지,37.5536875,127.0050046
서울특별시 중구 신당동 432-1820번지,37.5536875,127.0050046
서울특별시 중구 신당동 432-759번지,37.5553206,127.0075405
서울특별시 용산구 후암동 116-2번지,37.5497349,126.9756921
서울특별시 용산구 후암동 116-2번지,37.5497349,126.9756921
서울특별시 용산구 후암동 116-2번지,37.5497349,126.9756921
서울특별시 용산구 용산동2가 10-32번지,37.5440357,126.9812104
서울특별시 용산구 용산동2가 10-32번지,37.5440357,126.9812104
서울특별시 용산구 용산동2가 34-17번지,37.5434124,126.9846628
서울특별시 용산구 원효로3가 26-3번지,37.5347546,126.9582474
서울특별시 성동구 용답동 84-5번지,37.5650894,127.0515462
서울특별시 강동구 성내동 215-10번지,37.534001,127.1290944
서울특별시 강동구 성내동 215-10번지,37.534001,127.1290944
서울특별시 강동구 성내동 292-28번지,37.532311,127.1251875
서울특별시 강동구 성내동 292-28번지,37.532311,127.1251875
서울특별시 강동구 성내동 292-28번지,37.532311,127.1251875
서울특별시 강동구 성내동 517-25번지,37.5309947,127.1292788
서울특별시 강동구 성내동 517-25번지,37.5309947,127.1292788
서울특별시 마포구 도화동 4-60번지,37.5413747,126.953278
서울특별시 마포구 도화동 4-60번지,37.5413747,126.953278
서울특별시 마포구 상수동 321-7번지,37.5472207,126.9210291
서울특별시 마포구 상수동 93-27번지,37.5488339,126.9238874
서울특별시 마포구 상수동 93-27번지,37.5488339,126.9238874
서울특별시 종로구 창신동 76번지,37.5751958,127.0154351
서울특별시 중구 신당동 241-114번지,37.5638919,127.0141683
서울특별시 중구 신당동 241-117번지,37.5638171,127.0141274
서울특별시 중구 신당동 241-117번지,37.5638171,127.0141274
서울특별시 중구 신당동 241-117번지,37.5638171,127.0141274
서울특별시 중구 신당동 241-117번지,37.5638171,127.0141274
서울특별시 중구 신당동 241-138번지,37.5635765,127.0142372
서울특별시 강동구 고덕동 504-5번지,37.5604596,127.154959
서울특별시 강동구 고덕동 504-5번지,37.5604596,127.154959
서울특별시 강동구 고덕동 633-4번지,37.5608316,127.1530467
서울특별시 강동구 고덕동 633-4번지,37.5608316,127.1530467
서울특별시 강동구 고덕동 633-4번지,37.5608316,127.1530467
서울특별시 강동구 고덕동 642-5번지,37.5598681,127.1537776
서울특별시 강동구 고덕동 642-5번지,37.5598681,127.1537776
서울특별시 강동구 고덕동 642-5번지,37.5598681,127.1537776
서울특별시 강동구 고덕동 642-5번지,37.5598681,127.1537776
서울특별시 강동구 고덕동 642-5번지,37.5598681,127.1537776
서울특별시 강동구 고덕동 646-8번지,37.5593744,127.1527736
서울특별시 강동구 고덕동 646-8번지,37.5593744,127.1527736
서울특별시 강동구 고덕동 157-7번지,37.5614081,127.1671931
서울특별시 강동구 고덕동 157-7번지,37.5614081,127.1671931
서울특별시 강동구 고덕동 290-1번지,37.5610383,127.1576614
서울특별시 강동구 고덕동 290-1번지,37.5610383,127.1576614
서울특별시 강동구 고덕동 290-1번지,37.5610383,127.1576614
서울특별시 강동구 천호동 111-20번지,37.5419316,127.1372955
서울특별시 강동구 천호동 111-20번지,37.5419316,127.1372955
서울특별시 강동구 천호동 111-20번지,37.5419316,127.1372955
서울특별시 성동구 사근동 219-2번지,37.5622099,127.0479357
서울특별시 성동구 사근동 219-2번지,37.5622099,127.0479357
서울특별시 성동구 사근동 219-2번지,37.5622099,127.0479357
서울특별시 성동구 사근동 219-2번지,37.5622099,127.0479357
서울특별시 성동구 사근동 219-2번지,37.5622099,127.0479357
서울특별시 성동구 사근동 219-2번지,37.5622099,127.0479357
서울특별시 성동구 사근동 219-2번지,37.5622099,127.0479357
서울특별시 용산구 원효로2가 3-5번지,37.5372039,126.9656138
서울특별시 용산구 원효로2가 3-5번지,37.5372039,126.9656138
서울특별시 용산구 한강로2가 82-2번지,37.530777,126.9710773
서울특별시 마포구 서교동 326-13번지,37.5553896,126.9299658
서울특별시 마포구 서교동 326-13번지,37.5553896,126.9299658
서울특별시 마포구 서교동 330-26번지,37.5564836,126.9273369
서울특별시 마포구 서교동 330-26번지,37.5564836,126.9273369
서울특별시 마포구 서교동 330-49번지,37.5563955,126.927194
서울특별시 마포구 서교동 330-49번지,37.5563955,126.927194
서울특별시 마포구 서교동 332-7번지,37.5556622,126.9265726
서울특별시 마포구 서교동 333-13번지,37.5550479,126.9268168
서울특별시 마포구 서교동 333-13번지,37.5550479,126.9268168
서울특별시 마포구 서교동 333-28번지,37.5554883,126.9266744
서울특별시 서대문구 천연동 120-26번지,37.5675452,126.9606532
서울특별시 마포구 서교동 333-29번지,37.5556245,126.9267936
서울특별시 구로구 고척동 224-4번지,37.5070529,126.8537038
서울특별시 마포구 서교동 346-7번지,37.5554487,126.9241479
서울특별시 구로구 고척동 224-4번지,37.5070529,126.8537038
서울특별시 마포구 서교동 346-7번지,37.5554487,126.9241479
서울특별시 구로구 고척동 273-10번지,37.5009442,126.851367
서울특별시 마포구 서교동 346-7번지,37.5554487,126.9241479
서울특별시 구로구 고척동 273-10번지,37.5009442,126.851367
서울특별시 구로구 고척동 273-49번지,37.5001888,126.8521071
서울특별시 구로구 고척동 273-49번지,37.5001888,126.8521071
서울특별시 강남구 일원동 676-8번지,37.4913585,127.0830906
서울특별시 강남구 일원동 676-8번지,37.4913585,127.0830906
서울특별시 강남구 일원동 676-8번지,37.4913585,127.0830906
서울특별시 성동구 송정동 66-16번지,37.5498634,127.0651021
서울특별시 성동구 용답동 12-17번지,37.5636263,127.0538183
서울특별시 서초구 서초동 1484-15번지,37.4829289,127.0108183
서울특별시 서초구 서초동 1484-15번지,37.4829289,127.0108183
서울특별시 서초구 서초동 1487-198번지,37.4803107,127.0067435
서울특별시 서초구 서초동 1520-1번지,37.4858895,127.0064506
서울특별시 서초구 서초동 1520-1번지,37.4858895,127.0064506
서울특별시 서초구 서초동 1520-1번지,37.4858895,127.0064506
서울특별시 서초구 서초동 1552-12번지,37.4911825,127.0093158
서울특별시 서초구 서초동 1552-12번지,37.4911825,127.0093158
서울특별시 서초구 서초동 1552-12번지,37.4911825,127.0093158
서울특별시 서초구 서초동 1567-4번지,37.490346,127.0129258
서울특별시 서초구 잠원동 32-2번지,37.5132472,127.0158118
서울특별시 서초구 잠원동 48-2번지,37.5115046,127.0161598
서울특별시 서초구 잠원동 48-2번지,37.5115046,127.0161598
서울특별시 서초구 잠원동 48-2번지,37.5115046,127.0161598
서울특별시 서초구 반포동 738-28번지,37.5053458,127.0224488
서울특별시 성동구 용답동 12-17번지,37.5636263,127.0538183
서울특별시 성동구 용답동 13-11번지,37.5639165,127.0539066
서울특별시 성동구 용답동 139-7번지,37.5672682,127.0495014
서울특별시 성동구 용답동 139-7번지,37.5672682,127.0495014
서울특별시 성동구 용답동 158-5번지,37.5651468,127.050103
서울특별시 성동구 용답동 158-5번지,37.5651468,127.050103
서울특별시 성동구 용답동 72-4번지,37.5661557,127.0527445
서울특별시 성동구 용답동 72-4번지,37.5661557,127.0527445
서울특별시 성동구 용답동 72-6번지,37.5660002,127.0529625
서울특별시 성동구 용답동 72-6번지,37.5660002,127.0529625
서울특별시 성동구 용답동 72-7번지,37.5659377,127.0528897
서울특별시 성동구 용답동 72-9번지,37.566036,127.052708
서울특별시 성동구 용답동 72-9번지,37.566036,127.052708
서울특별시 성동구 용답동 8-1번지,37.5640286,127.0554386
서울특별시 성동구 용답동 8-1번지,37.5640286,127.0554386
서울특별시 성동구 용답동 8-8번지,37.5638386,127.055192
서울특별시 성동구 용답동 8-8번지,37.5638386,127.055192
서울특별시 성동구 용답동 84-5번지,37.5650894,127.0515462
서울특별시 강남구 역삼동 792-40번지,37.4939939,127.0371026
서울특별시 강남구 역삼동 792-40번지,37.4939939,127.0371026
서울특별시 강남구 역삼동 724-28번지,37.4990777,127.0421138
서울특별시 강남구 역삼동 724-28번지,37.4990777,127.0421138
서울특별시 강남구 도곡동 902-77번지,37.4867356,127.0385465
서울특별시 강남구 도곡동 902-77번지,37.4867356,127.0385465
서울특별시 강남구 일원동 637-9번지,37.4939765,127.0857233
서울특별시 강남구 일원동 637-9번지,37.4939765,127.0857233
서울특별시 강남구 일원동 637-9번지,37.4939765,127.0857233
서울특별시 강남구 일원동 638-13번지,37.4943781,127.0855249
서울특별시 강남구 일원동 638-13번지,37.4943781,127.0855249
서울특별시 강남구 일원동 655-5번지,37.4918141,127.08575
서울특별시 강남구 일원동 655-5번지,37.4918141,127.08575
서울특별시 강남구 일원동 655-5번지,37.4918141,127.08575
서울특별시 강남구 일원동 657-6번지,37.4917497,127.0855096
서울특별시 양천구 신정동 1155-25번지,37.5159254,126.8512299
서울특별시 양천구 신정동 1191-16번지,37.5210486,126.8515368
서울특별시 양천구 신정동 1194-1번지,37.521959,126.8470748
서울특별시 양천구 신정동 1194-1번지,37.521959,126.8470748
서울특별시 양천구 신정동 978-5번지,37.5220865,126.8574319
서울특별시 양천구 신정동 978-5번지,37.5220865,126.8574319
서울특별시 양천구 신정동 978-6번지,37.522103,126.8575742
서울특별시 양천구 신정동 979-20번지,37.5222963,126.8576636
서울특별시 양천구 신정동 979-4번지,37.5223955,126.8569164
서울특별시 도봉구 창동 607-24번지,37.6433461,127.0397014
서울특별시 강동구 암사동 433-110번지,37.5509582,127.1377347
서울특별시 강동구 암사동 433-110번지,37.5509582,127.1377347
서울특별시 강동구 암사동 433-110번지,37.5509582,127.1377347
서울특별시 강동구 암사동 433-119번지,37.5510652,127.1377363
서울특별시 강동구 암사동 433-119번지,37.5510652,127.1377363
서울특별시 강동구 암사동 433-119번지,37.5510652,127.1377363
서울특별시 강동구 암사동 469-15번지,37.5519256,127.1319351
서울특별시 강동구 암사동 469-15번지,37.5519256,127.1319351
서울특별시 강동구 암사동 494-38번지,37.5503955,127.1301972
서울특별시 강동구 천호동 337-82번지,37.5435184,127.1214379
서울특별시 성동구 용답동 3-13번지,37.5643692,127.0548675
서울특별시 성동구 용답동 3-13번지,37.5643692,127.0548675
서울특별시 성동구 용답동 3-16번지,37.5643068,127.0545904
서울특별시 성동구 용답동 45-5번지,37.5629031,127.0531328
서울특별시 구로구 온수동 61-23번지,37.4921861,126.8199937
서울특별시 성동구 용답동 46-20번지,37.5629128,127.0529642
서울특별시 구로구 온수동 61-23번지,37.4921861,126.8199937
서울특별시 성동구 용답동 46-21번지,37.5629736,127.0530363
서울특별시 구로구 구로동 466-17번지,37.4952769,126.8819213
서울특별시 성동구 용답동 49-10번지,37.5635663,127.052186
서울특별시 구로구 구로동 88-3번지,37.4936652,126.8892481
서울특별시 성동구 용답동 49-10번지,37.5635663,127.052186
서울특별시 구로구 구로동 88-3번지,37.4936652,126.8892481
서울특별시 구로구 개봉동 115-48번지,37.5052022,126.8455843
서울특별시 성동구 용답동 6-10번지,37.5639033,127.0556113
서울특별시 구로구 개봉동 118-31번지,37.504221,126.8468376
서울특별시 성동구 용답동 7-10번지,37.5637881,127.0553664
서울특별시 구로구 개봉동 118-31번지,37.504221,126.8468376
서울특별시 구로구 개봉동 126-6번지,37.5024497,126.8481013
서울특별시 구로구 개봉동 126-6번지,37.5024497,126.8481013
서울특별시 성동구 용답동 7-7번지,37.5637195,127.0554142
서울특별시 구로구 개봉동 132-49번지,37.5000477,126.8494217
서울특별시 성동구 용답동 7-7번지,37.5637195,127.0554142
서울특별시 구로구 개봉동 132-55번지,37.5002527,126.8496564
서울특별시 구로구 개봉동 133-10번지,37.5002316,126.850231
서울특별시 구로구 개봉동 134-18번지,37.4997704,126.8506603
서울특별시 마포구 연남동 254-27번지,37.563566,126.9226638
서울특별시 마포구 연남동 254-27번지,37.563566,126.9226638
서울특별시 마포구 연남동 255-16번지,37.5623775,126.9237713
서울특별시 마포구 연남동 255-16번지,37.5623775,126.9237713
서울특별시 마포구 연남동 255-33번지,37.5624598,126.9235095
서울특별시 마포구 연남동 255-33번지,37.5624598,126.9235095
서울특별시 마포구 연남동 255-33번지,37.5624598,126.9235095
서울특별시 마포구 연남동 260-52번지,37.5608353,126.9245444
서울특별시 마포구 연남동 383-96번지,37.5616852,126.9265495
서울특별시 마포구 연남동 383-96번지,37.5616852,126.9265495
서울특별시 마포구 연남동 383-96번지,37.5616852,126.9265495
서울특별시 마포구 연남동 564-18번지,37.5593556,126.9192394
서울특별시 마포구 연남동 564-18번지,37.5593556,126.9192394
서울특별시 마포구 연남동 567-26번지,37.5604006,126.9222455
서울특별시 마포구 연남동 567-26번지,37.5604006,126.9222455
서울특별시 마포구 연남동 570-16번지,37.5588932,126.9198792
서울특별시 마포구 연남동 570-16번지,37.5588932,126.9198792